Model,MSE,R2 Score
Linear Regression,33596915.85136149,0.7835929767120722
Ridge Regression,33604973.53996333,0.7835410749121384
